Name,Average Duration
connectStart,1737234012701.9
secureConnectionStart,173723401162.2
unloadEventEnd,1563510611607.5
domainLookupStart,1737234012693.1
domainLookupEnd,1737234012701.9
responseStart,1737234012790.2
connectEnd,1737234012715.8
responseEnd,1737234012792.6
requestStart,1737234012716.3
domLoading,1737234012792.8
redirectStart,0
loadEventEnd,1737234012867
domComplete,1737234012866.9
navigationStart,1737234012692.7
loadEventStart,1737234012866.9
domContentLoadedEventEnd,1737234012816
unloadEventStart,1563510611607.5
redirectEnd,0
domInteractive,1737234012815.9
fetchStart,1737234012693
domContentLoadedEventStart,1737234012815.9
