Name,Duration
connectStart,1737232739517
secureConnectionStart,1737232739572
unloadEventEnd,0
domainLookupStart,1737232739486
domainLookupEnd,1737232739517
responseStart,1737232739778
connectEnd,1737232739645
responseEnd,1737232739792
requestStart,1737232739645
domLoading,1737232739780
redirectStart,0
loadEventEnd,1737232740223
domComplete,1737232740222
navigationStart,1737232739486
loadEventStart,1737232740222
domContentLoadedEventEnd,1737232739910
unloadEventStart,0
redirectEnd,0
domInteractive,1737232739910
fetchStart,1737232739486
domContentLoadedEventStart,1737232739910
type,0
redirectCount,0
