{
  "https://en.wikipedia.org/wiki/Software_metric": [
    858.8000000007451,
    226.7999999988824,
    133.40000000037253,
    116.59999999962747,
    131.5,
    90.79999999888241,
    106.5,
    143.2999999988824,
    140.80000000074506,
    166.40000000037253
  ],
  "visible": [
    0,
    0,
    0,
    0,
    0,
    0,
    0,
    0,
    0,
    0
  ],
  "https://en.wikipedia.org/w/load.php?lang=en&modules=ext.cite.styles%7Cext.uls.interlanguage%7Cext.visualEditor.desktopArticleTarget.noscript%7Cext.wikimediaBadges%7Cext.wikimediamessages.styles%7Cjquery.makeCollapsible.styles%7Cskins.vector.icons%2Cstyles%7Cskins.vector.search.codex.styles%7Cwikibase.client.init&only=styles&skin=vector-2022": [
    105.5,
    0,
    0,
    0,
    0,
    0,
    0,
    0,
    0,
    0
  ],
  "https://en.wikipedia.org/w/load.php?lang=en&modules=site.styles&only=styles&skin=vector-2022": [
    109.90000000037253,
    0,
    0,
    0,
    0,
    0,
    0,
    0,
    0,
    0
  ],
  "https://en.wikipedia.org/w/load.php?lang=en&modules=startup&only=scripts&raw=1&skin=vector-2022": [
    136.09999999962747,
    0,
    0,
    0,
    0,
    0,
    0,
    0,
    0,
    0
  ],
  "https://en.wikipedia.org/static/images/mobile/copyright/wikipedia-wordmark-en.svg": [
    139.90000000037253,
    0,
    0,
    0,
    0,
    0,
    0,
    0,
    0,
    0
  ],
  "https://en.wikipedia.org/static/images/icons/wikipedia.png": [
    156.90000000037253,
    0,
    0,
    0,
    0,
    0,
    0,
    0,
    0,
    0
  ],
  "https://en.wikipedia.org/static/images/mobile/copyright/wikipedia-tagline-en.svg": [
    160.30000000074506,
    0,
    0,
    0,
    0,
    0,
    0,
    0,
    0,
    0
  ],
  "long-animation-frame": [
    144
  ],
  "https://en.wikipedia.org/w/load.php?modules=skins.vector.icons&image=menu&format=original&lang=en&skin=vector-2022&version=zjugj": [
    75.59999999962747,
    0,
    0,
    0,
    0,
    0,
    0,
    0,
    0,
    0
  ],
  "https://en.wikipedia.org/w/load.php?modules=skins.vector.icons&image=ellipsis&format=original&lang=en&skin=vector-2022&version=zjugj": [
    73.09999999962747,
    0,
    0,
    0,
    0,
    0,
    0,
    0,
    0,
    0
  ],
  "https://en.wikipedia.org/w/load.php?modules=skins.vector.icons&image=language&variant=progressive&format=original&lang=en&skin=vector-2022&version=zjugj": [
    72.80000000074506,
    0,
    0,
    0,
    0,
    0,
    0,
    0,
    0,
    0
  ],
  "https://en.wikipedia.org/w/skins/Vector/resources/skins.vector.styles/images/arrow-down-progressive.svg?5cd6d": [
    72.5,
    0,
    0,
    0,
    0,
    0,
    0,
    0,
    0,
    0
  ],
  "https://en.wikipedia.org/w/skins/Vector/resources/skins.vector.styles/images/link-external-small-ltr-progressive.svg?fb64d": [
    70.90000000037253,
    0,
    0,
    0,
    0,
    0,
    0,
    0,
    0,
    0
  ],
  "https://upload.wikimedia.org/wikipedia/commons/6/65/Lock-green.svg": [
    263.40000000037253,
    0,
    0,
    0,
    0,
    0,
    0,
    0,
    0,
    0
  ],
  "https://upload.wikimedia.org/wikipedia/commons/4/4d/Icon_pdf_file.png": [
    263.09999999962747,
    0,
    0,
    0,
    0,
    0,
    0,
    0,
    0,
    0
  ],
  "mwStartup": [
    0,
    0,
    0,
    0,
    0,
    0,
    0,
    0,
    0,
    0
  ],
  "https://en.wikipedia.org/w/load.php?lang=en&modules=ext.gadget.ReferenceTooltips%2Cswitcher&skin=vector-2022&version=1x2e7": [
    82.09999999962747
  ],
  "https://en.wikipedia.org/w/load.php?lang=en&modules=ext.visualEditor.core.utils.parsing%7Cext.visualEditor.desktopArticleTarget.init%7Cext.visualEditor.progressBarWidget%2CsupportCheck%2CtargetLoader%2CtempWikitextEditorWidget%2Ctrack%2Cve&skin=vector-2022&version=1wwpp": [
    93.69999999925494
  ],
  "https://en.wikipedia.org/w/load.php?lang=en&modules=ext.centralNotice.choiceData%2Cdisplay%2CgeoIP%2CimpressionDiet%2CkvStore%2CstartUp%7Cext.centralauth.ForeignApi%2Ccentralautologin%7Cext.checkUser.clientHints%7Cext.cite.ux-enhancements%7Cext.cx.eventlogging.campaigns%7Cext.cx.model%7Cext.cx.uls.quick.actions%7Cext.echo.centralauth%7Cext.eventLogging%2CnavigationTiming%2Cpopups%2CwikimediaEvents%7Cext.growthExperiments.SuggestedEditSession%7Cext.uls.common%2Cinterface%2Cpreferences%2Cwebfonts%7Cext.urlShortener.toolbar%7Cjquery%2Coojs%2Csite%7Cjquery.client%2CmakeCollapsible%2CtextSelection%7Cjquery.uls.data%7Cmediawiki.ForeignApi%2CString%2CTitle%2CUri%2Capi%2Cbase%2Ccldr%2Ccookie%2Cexperiments%2CjqueryMsg%2Clanguage%2Cstorage%2Ctoc%2Cuser%2Cutil%2CvisibleTimeout%7Cmediawiki.ForeignApi.core%7Cmediawiki.editfont.styles%7Cmediawiki.libs.pluralruleparser%7Cmediawiki.page.ready%7Cmediawiki.page.watch.ajax%7Cmw.cx.SiteMapper%7Coojs-ui.styles.icons-interactions%7Cskins.vector.clientPreferences%2Cjs%7Cskins.vector.icons.js%7Cwikibase.client.vector-2022&skin=vector-2022&version=z9aye": [
    191.59999999962747
  ],
  "first-paint": [
    0,
    0,
    0,
    0,
    0,
    0,
    0,
    0,
    0,
    0
  ],
  "first-contentful-paint": [
    0,
    0,
    0,
    0,
    0,
    0,
    0,
    0,
    0,
    0
  ],
  "https://en.wikipedia.org/static/images/project-logos/enwiki-2x.png": [
    66.40000000037253
  ],
  "https://en.wikipedia.org/w/load.php?lang=en&modules=ext.cite.referencePreviews%7Cext.math.popup%7Cext.popups.main&skin=vector-2022&version=1td88": [
    74.90000000037253
  ],
  "https://en.wikipedia.org/w/load.php?lang=en&modules=mw.config.values.wbCurrentSiteDetails%2CwbRepo%7Coojs-ui.styles.icons-editing-core&skin=vector-2022&version=1ezz7": [
    67.19999999925494
  ],
  "https://en.wikipedia.org/wiki/Special:CentralAutoLogin/start?type=script": [
    183.90000000037253
  ],
  "https://en.wikipedia.org/static/favicon/wikipedia.ico": [
    64.40000000037253
  ],
  "data:image/svg+xml;utf8,<svg xmlns=\"http://www.w3.org/2000/svg\" xmlns:xlink=\"http://www.w3.org/1999/xlink\" width=\"20\" height=\"20\" viewBox=\"0 0 20 20\" fill=\"%23000000\"><path d=\"M12.2 13.6a7 7 0 111.4-1.4l5.4 5.4-1.4 1.4zM3 8a5 5 0 1010 0A5 5 0 003 8\"/></svg>": [
    0,
    0,
    0,
    0,
    0,
    0,
    0,
    0,
    0
  ],
  "data:image/svg+xml;utf8,<svg xmlns=\"http://www.w3.org/2000/svg\" xmlns:xlink=\"http://www.w3.org/1999/xlink\" width=\"20\" height=\"20\" viewBox=\"0 0 20 20\" fill=\"%23000000\"><path d=\"m17.5 4.75-7.5 7.5-7.5-7.5L1 6.25l9 9 9-9z\"/></svg>": [
    0,
    0,
    0,
    0,
    0,
    0,
    0,
    0,
    0
  ],
  "https://en.wikipedia.org/w/load.php?lang=en&modules=jquery&skin=vector-2022&version=r2z40": [
    79.80000000074506,
    0,
    0,
    0,
    0,
    0,
    0,
    0,
    0
  ]
}