Name,Average Duration
connectStart,1737239513084.4998
secureConnectionStart,173723951205.3
unloadEventEnd,1563515561942.1
domainLookupStart,1737239513080.4
domainLookupEnd,1737239513084.4998
responseStart,1737239513165.7
connectEnd,1737239513097.2998
responseEnd,1737239513167.8
requestStart,1737239513097.9
domLoading,1737239513168.2
redirectStart,0
loadEventEnd,1737239513241.1
domComplete,1737239513241
navigationStart,1737239513080.1
loadEventStart,1737239513241
domContentLoadedEventEnd,1737239513189.3003
unloadEventStart,1563515561942.1
redirectEnd,0
domInteractive,1737239513189.3003
fetchStart,1737239513080.2998
domContentLoadedEventStart,1737239513189.3003
