[
  {
    "connectStart": 1737239511994,
    "secureConnectionStart": 1737239512053,
    "unloadEventEnd": 0,
    "domainLookupStart": 1737239511953,
    "domainLookupEnd": 1737239511994,
    "responseStart": 1737239512250,
    "connectEnd": 1737239512122,
    "responseEnd": 1737239512264,
    "requestStart": 1737239512122,
    "domLoading": 1737239512255,
    "redirectStart": 0,
    "loadEventEnd": 1737239512745,
    "domComplete": 1737239512745,
    "navigationStart": 1737239511952,
    "loadEventStart": 1737239512745,
    "domContentLoadedEventEnd": 1737239512421,
    "unloadEventStart": 0,
    "redirectEnd": 0,
    "domInteractive": 1737239512421,
    "fetchStart": 1737239511952,
    "domContentLoadedEventStart": 1737239512421
  },
  {
    "connectStart": 1737239512753,
    "secureConnectionStart": 0,
    "unloadEventEnd": 1737239512822,
    "domainLookupStart": 1737239512753,
    "domainLookupEnd": 1737239512753,
    "responseStart": 1737239512820,
    "connectEnd": 1737239512753,
    "responseEnd": 1737239512823,
    "requestStart": 1737239512754,
    "domLoading": 1737239512823,
    "redirectStart": 0,
    "loadEventEnd": 1737239512860,
    "domComplete": 1737239512859,
    "navigationStart": 1737239512753,
    "loadEventStart": 1737239512859,
    "domContentLoadedEventEnd": 1737239512832,
    "unloadEventStart": 1737239512822,
    "redirectEnd": 0,
    "domInteractive": 1737239512832,
    "fetchStart": 1737239512753,
    "domContentLoadedEventStart": 1737239512832
  },
  {
    "connectStart": 1737239512890,
    "secureConnectionStart": 0,
    "unloadEventEnd": 1737239512968,
    "domainLookupStart": 1737239512890,
    "domainLookupEnd": 1737239512890,
    "responseStart": 1737239512966,
    "connectEnd": 1737239512890,
    "responseEnd": 1737239512967,
    "requestStart": 1737239512891,
    "domLoading": 1737239512968,
    "redirectStart": 0,
    "loadEventEnd": 1737239512990,
    "domComplete": 1737239512990,
    "navigationStart": 1737239512890,
    "loadEventStart": 1737239512990,
    "domContentLoadedEventEnd": 1737239512973,
    "unloadEventStart": 1737239512968,
    "redirectEnd": 0,
    "domInteractive": 1737239512973,
    "fetchStart": 1737239512890,
    "domContentLoadedEventStart": 1737239512973
  },
  {
    "connectStart": 1737239513006,
    "secureConnectionStart": 0,
    "unloadEventEnd": 1737239513066,
    "domainLookupStart": 1737239513006,
    "domainLookupEnd": 1737239513006,
    "responseStart": 1737239513065,
    "connectEnd": 1737239513006,
    "responseEnd": 1737239513065,
    "requestStart": 1737239513006,
    "domLoading": 1737239513067,
    "redirectStart": 0,
    "loadEventEnd": 1737239513091,
    "domComplete": 1737239513091,
    "navigationStart": 1737239513005,
    "loadEventStart": 1737239513091,
    "domContentLoadedEventEnd": 1737239513071,
    "unloadEventStart": 1737239513066,
    "redirectEnd": 0,
    "domInteractive": 1737239513071,
    "fetchStart": 1737239513006,
    "domContentLoadedEventStart": 1737239513071
  },
  {
    "connectStart": 1737239513110,
    "secureConnectionStart": 0,
    "unloadEventEnd": 1737239513174,
    "domainLookupStart": 1737239513110,
    "domainLookupEnd": 1737239513110,
    "responseStart": 1737239513172,
    "connectEnd": 1737239513110,
    "responseEnd": 1737239513173,
    "requestStart": 1737239513111,
    "domLoading": 1737239513174,
    "redirectStart": 0,
    "loadEventEnd": 1737239513199,
    "domComplete": 1737239513199,
    "navigationStart": 1737239513110,
    "loadEventStart": 1737239513199,
    "domContentLoadedEventEnd": 1737239513179,
    "unloadEventStart": 1737239513174,
    "redirectEnd": 0,
    "domInteractive": 1737239513179,
    "fetchStart": 1737239513110,
    "domContentLoadedEventStart": 1737239513179
  },
  {
    "connectStart": 1737239513218,
    "secureConnectionStart": 0,
    "unloadEventEnd": 1737239513279,
    "domainLookupStart": 1737239513218,
    "domainLookupEnd": 1737239513218,
    "responseStart": 1737239513278,
    "connectEnd": 1737239513218,
    "responseEnd": 1737239513278,
    "requestStart": 1737239513218,
    "domLoading": 1737239513280,
    "redirectStart": 0,
    "loadEventEnd": 1737239513306,
    "domComplete": 1737239513306,
    "navigationStart": 1737239513218,
    "loadEventStart": 1737239513306,
    "domContentLoadedEventEnd": 1737239513285,
    "unloadEventStart": 1737239513279,
    "redirectEnd": 0,
    "domInteractive": 1737239513285,
    "fetchStart": 1737239513218,
    "domContentLoadedEventStart": 1737239513285
  },
  {
    "connectStart": 1737239513324,
    "secureConnectionStart": 0,
    "unloadEventEnd": 1737239513382,
    "domainLookupStart": 1737239513324,
    "domainLookupEnd": 1737239513324,
    "responseStart": 1737239513380,
    "connectEnd": 1737239513324,
    "responseEnd": 1737239513381,
    "requestStart": 1737239513325,
    "domLoading": 1737239513383,
    "redirectStart": 0,
    "loadEventEnd": 1737239513407,
    "domComplete": 1737239513407,
    "navigationStart": 1737239513324,
    "loadEventStart": 1737239513407,
    "domContentLoadedEventEnd": 1737239513387,
    "unloadEventStart": 1737239513382,
    "redirectEnd": 0,
    "domInteractive": 1737239513387,
    "fetchStart": 1737239513324,
    "domContentLoadedEventStart": 1737239513387
  },
  {
    "connectStart": 1737239513425,
    "secureConnectionStart": 0,
    "unloadEventEnd": 1737239513485,
    "domainLookupStart": 1737239513425,
    "domainLookupEnd": 1737239513425,
    "responseStart": 1737239513484,
    "connectEnd": 1737239513425,
    "responseEnd": 1737239513484,
    "requestStart": 1737239513426,
    "domLoading": 1737239513486,
    "redirectStart": 0,
    "loadEventEnd": 1737239513508,
    "domComplete": 1737239513508,
    "navigationStart": 1737239513425,
    "loadEventStart": 1737239513508,
    "domContentLoadedEventEnd": 1737239513491,
    "unloadEventStart": 1737239513485,
    "redirectEnd": 0,
    "domInteractive": 1737239513491,
    "fetchStart": 1737239513425,
    "domContentLoadedEventStart": 1737239513491
  },
  {
    "connectStart": 1737239513517,
    "secureConnectionStart": 0,
    "unloadEventEnd": 1737239513577,
    "domainLookupStart": 1737239513517,
    "domainLookupEnd": 1737239513517,
    "responseStart": 1737239513575,
    "connectEnd": 1737239513517,
    "responseEnd": 1737239513576,
    "requestStart": 1737239513517,
    "domLoading": 1737239513577,
    "redirectStart": 0,
    "loadEventEnd": 1737239513600,
    "domComplete": 1737239513600,
    "navigationStart": 1737239513516,
    "loadEventStart": 1737239513600,
    "domContentLoadedEventEnd": 1737239513581,
    "unloadEventStart": 1737239513577,
    "redirectEnd": 0,
    "domInteractive": 1737239513581,
    "fetchStart": 1737239513517,
    "domContentLoadedEventStart": 1737239513581
  },
  {
    "connectStart": 1737239513608,
    "secureConnectionStart": 0,
    "unloadEventEnd": 1737239513668,
    "domainLookupStart": 1737239513608,
    "domainLookupEnd": 1737239513608,
    "responseStart": 1737239513667,
    "connectEnd": 1737239513608,
    "responseEnd": 1737239513667,
    "requestStart": 1737239513609,
    "domLoading": 1737239513669,
    "redirectStart": 0,
    "loadEventEnd": 1737239513705,
    "domComplete": 1737239513705,
    "navigationStart": 1737239513608,
    "loadEventStart": 1737239513705,
    "domContentLoadedEventEnd": 1737239513673,
    "unloadEventStart": 1737239513668,
    "redirectEnd": 0,
    "domInteractive": 1737239513673,
    "fetchStart": 1737239513608,
    "domContentLoadedEventStart": 1737239513673
  }
]