Name,Duration
connectStart (Run 1),1737239511994
secureConnectionStart (Run 1),1737239512053
unloadEventEnd (Run 1),0
domainLookupStart (Run 1),1737239511953
domainLookupEnd (Run 1),1737239511994
responseStart (Run 1),1737239512250
connectEnd (Run 1),1737239512122
responseEnd (Run 1),1737239512264
requestStart (Run 1),1737239512122
domLoading (Run 1),1737239512255
redirectStart (Run 1),0
loadEventEnd (Run 1),1737239512745
domComplete (Run 1),1737239512745
navigationStart (Run 1),1737239511952
loadEventStart (Run 1),1737239512745
domContentLoadedEventEnd (Run 1),1737239512421
unloadEventStart (Run 1),0
redirectEnd (Run 1),0
domInteractive (Run 1),1737239512421
fetchStart (Run 1),1737239511952
domContentLoadedEventStart (Run 1),1737239512421
connectStart (Run 2),1737239512753
secureConnectionStart (Run 2),0
unloadEventEnd (Run 2),1737239512822
domainLookupStart (Run 2),1737239512753
domainLookupEnd (Run 2),1737239512753
responseStart (Run 2),1737239512820
connectEnd (Run 2),1737239512753
responseEnd (Run 2),1737239512823
requestStart (Run 2),1737239512754
domLoading (Run 2),1737239512823
redirectStart (Run 2),0
loadEventEnd (Run 2),1737239512860
domComplete (Run 2),1737239512859
navigationStart (Run 2),1737239512753
loadEventStart (Run 2),1737239512859
domContentLoadedEventEnd (Run 2),1737239512832
unloadEventStart (Run 2),1737239512822
redirectEnd (Run 2),0
domInteractive (Run 2),1737239512832
fetchStart (Run 2),1737239512753
domContentLoadedEventStart (Run 2),1737239512832
connectStart (Run 3),1737239512890
secureConnectionStart (Run 3),0
unloadEventEnd (Run 3),1737239512968
domainLookupStart (Run 3),1737239512890
domainLookupEnd (Run 3),1737239512890
responseStart (Run 3),1737239512966
connectEnd (Run 3),1737239512890
responseEnd (Run 3),1737239512967
requestStart (Run 3),1737239512891
domLoading (Run 3),1737239512968
redirectStart (Run 3),0
loadEventEnd (Run 3),1737239512990
domComplete (Run 3),1737239512990
navigationStart (Run 3),1737239512890
loadEventStart (Run 3),1737239512990
domContentLoadedEventEnd (Run 3),1737239512973
unloadEventStart (Run 3),1737239512968
redirectEnd (Run 3),0
domInteractive (Run 3),1737239512973
fetchStart (Run 3),1737239512890
domContentLoadedEventStart (Run 3),1737239512973
connectStart (Run 4),1737239513006
secureConnectionStart (Run 4),0
unloadEventEnd (Run 4),1737239513066
domainLookupStart (Run 4),1737239513006
domainLookupEnd (Run 4),1737239513006
responseStart (Run 4),1737239513065
connectEnd (Run 4),1737239513006
responseEnd (Run 4),1737239513065
requestStart (Run 4),1737239513006
domLoading (Run 4),1737239513067
redirectStart (Run 4),0
loadEventEnd (Run 4),1737239513091
domComplete (Run 4),1737239513091
navigationStart (Run 4),1737239513005
loadEventStart (Run 4),1737239513091
domContentLoadedEventEnd (Run 4),1737239513071
unloadEventStart (Run 4),1737239513066
redirectEnd (Run 4),0
domInteractive (Run 4),1737239513071
fetchStart (Run 4),1737239513006
domContentLoadedEventStart (Run 4),1737239513071
connectStart (Run 5),1737239513110
secureConnectionStart (Run 5),0
unloadEventEnd (Run 5),1737239513174
domainLookupStart (Run 5),1737239513110
domainLookupEnd (Run 5),1737239513110
responseStart (Run 5),1737239513172
connectEnd (Run 5),1737239513110
responseEnd (Run 5),1737239513173
requestStart (Run 5),1737239513111
domLoading (Run 5),1737239513174
redirectStart (Run 5),0
loadEventEnd (Run 5),1737239513199
domComplete (Run 5),1737239513199
navigationStart (Run 5),1737239513110
loadEventStart (Run 5),1737239513199
domContentLoadedEventEnd (Run 5),1737239513179
unloadEventStart (Run 5),1737239513174
redirectEnd (Run 5),0
domInteractive (Run 5),1737239513179
fetchStart (Run 5),1737239513110
domContentLoadedEventStart (Run 5),1737239513179
connectStart (Run 6),1737239513218
secureConnectionStart (Run 6),0
unloadEventEnd (Run 6),1737239513279
domainLookupStart (Run 6),1737239513218
domainLookupEnd (Run 6),1737239513218
responseStart (Run 6),1737239513278
connectEnd (Run 6),1737239513218
responseEnd (Run 6),1737239513278
requestStart (Run 6),1737239513218
domLoading (Run 6),1737239513280
redirectStart (Run 6),0
loadEventEnd (Run 6),1737239513306
domComplete (Run 6),1737239513306
navigationStart (Run 6),1737239513218
loadEventStart (Run 6),1737239513306
domContentLoadedEventEnd (Run 6),1737239513285
unloadEventStart (Run 6),1737239513279
redirectEnd (Run 6),0
domInteractive (Run 6),1737239513285
fetchStart (Run 6),1737239513218
domContentLoadedEventStart (Run 6),1737239513285
connectStart (Run 7),1737239513324
secureConnectionStart (Run 7),0
unloadEventEnd (Run 7),1737239513382
domainLookupStart (Run 7),1737239513324
domainLookupEnd (Run 7),1737239513324
responseStart (Run 7),1737239513380
connectEnd (Run 7),1737239513324
responseEnd (Run 7),1737239513381
requestStart (Run 7),1737239513325
domLoading (Run 7),1737239513383
redirectStart (Run 7),0
loadEventEnd (Run 7),1737239513407
domComplete (Run 7),1737239513407
navigationStart (Run 7),1737239513324
loadEventStart (Run 7),1737239513407
domContentLoadedEventEnd (Run 7),1737239513387
unloadEventStart (Run 7),1737239513382
redirectEnd (Run 7),0
domInteractive (Run 7),1737239513387
fetchStart (Run 7),1737239513324
domContentLoadedEventStart (Run 7),1737239513387
connectStart (Run 8),1737239513425
secureConnectionStart (Run 8),0
unloadEventEnd (Run 8),1737239513485
domainLookupStart (Run 8),1737239513425
domainLookupEnd (Run 8),1737239513425
responseStart (Run 8),1737239513484
connectEnd (Run 8),1737239513425
responseEnd (Run 8),1737239513484
requestStart (Run 8),1737239513426
domLoading (Run 8),1737239513486
redirectStart (Run 8),0
loadEventEnd (Run 8),1737239513508
domComplete (Run 8),1737239513508
navigationStart (Run 8),1737239513425
loadEventStart (Run 8),1737239513508
domContentLoadedEventEnd (Run 8),1737239513491
unloadEventStart (Run 8),1737239513485
redirectEnd (Run 8),0
domInteractive (Run 8),1737239513491
fetchStart (Run 8),1737239513425
domContentLoadedEventStart (Run 8),1737239513491
connectStart (Run 9),1737239513517
secureConnectionStart (Run 9),0
unloadEventEnd (Run 9),1737239513577
domainLookupStart (Run 9),1737239513517
domainLookupEnd (Run 9),1737239513517
responseStart (Run 9),1737239513575
connectEnd (Run 9),1737239513517
responseEnd (Run 9),1737239513576
requestStart (Run 9),1737239513517
domLoading (Run 9),1737239513577
redirectStart (Run 9),0
loadEventEnd (Run 9),1737239513600
domComplete (Run 9),1737239513600
navigationStart (Run 9),1737239513516
loadEventStart (Run 9),1737239513600
domContentLoadedEventEnd (Run 9),1737239513581
unloadEventStart (Run 9),1737239513577
redirectEnd (Run 9),0
domInteractive (Run 9),1737239513581
fetchStart (Run 9),1737239513517
domContentLoadedEventStart (Run 9),1737239513581
connectStart (Run 10),1737239513608
secureConnectionStart (Run 10),0
unloadEventEnd (Run 10),1737239513668
domainLookupStart (Run 10),1737239513608
domainLookupEnd (Run 10),1737239513608
responseStart (Run 10),1737239513667
connectEnd (Run 10),1737239513608
responseEnd (Run 10),1737239513667
requestStart (Run 10),1737239513609
domLoading (Run 10),1737239513669
redirectStart (Run 10),0
loadEventEnd (Run 10),1737239513705
domComplete (Run 10),1737239513705
navigationStart (Run 10),1737239513608
loadEventStart (Run 10),1737239513705
domContentLoadedEventEnd (Run 10),1737239513673
unloadEventStart (Run 10),1737239513668
redirectEnd (Run 10),0
domInteractive (Run 10),1737239513673
fetchStart (Run 10),1737239513608
domContentLoadedEventStart (Run 10),1737239513673
